variable,AURC,excess,prec.,flagged \%,$H$(0.90) \%,$H$(0.95) \%,review/yr
alcohol\_involved,0.0163,0.0159,0.712,3.635,100.0,100.0,"20,262"
drug\_involved,0.0018,0.0018,0.464,0.562,100.0,100.0,"3,134"
fatigue,0.0036,0.0035,0.653,1.399,100.0,100.0,"7,798"
animal\_involved,0.0014,0.0014,0.848,2.016,7.0,100.0,792
phone\_use,0.0025,0.0024,0.340,1.038,100.0,100.0,"5,788"
unbelted,0.0136,0.0132,0.209,0.596,100.0,100.0,"3,323"
hydroplane,0.0012,0.0011,0.719,2.352,100.0,100.0,"13,114"
wrong\_way,0.0016,0.0014,0.259,1.427,100.0,100.0,"7,958"
medical\_episode,0.0014,0.0013,0.398,1.055,100.0,100.0,"5,880"
