variable,$n$,agreement \%,$\kappa$,both,narr.\ only,code only,neither
alcohol\_involved,"150,000",97.92,0.702,"3,882","1,571","1,556","142,991"
drug\_involved,"150,000",99.45,0.484,391,452,374,"148,783"
fatigue,"150,000",99.26,0.707,"1,369",729,387,"147,515"
animal\_involved,"150,000",99.67,0.910,"2,565",459,37,"146,939"
phone\_use,"150,000",99.24,0.477,529,"1,028",118,"148,325"
unbelted,"150,000",97.99,0.103,187,707,"2,307","146,799"
hydroplane$^{\dagger}$,"150,000",98.93,0.753,"2,536",992,619,"145,853"
wrong\_way,"150,000",98.77,0.371,554,"1,587",256,"147,603"
medical\_episode,"150,000",99.28,0.534,629,953,131,"148,287"
